Column Name,Data Type,Length,Decimal Places,Nullable,Primary Key,Default Value,Description
cmr_num,String,10,,No,Y,AUTONUMBER(STEP(1)),"CMR number, key, auto-generated via AUTONUMBER on the table. Kept as nvarchar/NumSortedString (not a true int) - both QCSeq and QCInteger came back invalid Data Types in this environment's picker, and changing the SQL column's own type hit a DF_ue_ecmrs_cmr_num default-constraint dependency error. Stored as digits in a string column, AUTONUMBER(STEP(1)) still gives sequential, unique values starting at 1 - the actual requirement - without fighting either problem."
status,String,40,,Yes,N,,"Overall CMR status. Confirmed 7-value list: CM, Complete, Data Input, Eng Review, Planning, Purchasing, QC Approval - needs its own Property Class + Inline List set up directly in Application Studio (QCPriorityType-style reuse of a real system class was tried for Priority below and came back blank live, so don't repeat that for Status)."
workflow_status,String,40,,Yes,N,,[ORPHANED - not bound to any form control: not placed on the current form layout; its fixed value list was never confirmed either] Workflow status. Fixed value list not yet confirmed.
priority,String,12,,Yes,N,,"Confirmed list: High, Medium, Low. Reusing the system's own QCPriorityType as Property Class came back blank in the live IDO Properties export - needs its own custom Property Class + Inline List instead, same as Status/InitialChange."
item,String,30,,Yes,N,,"STDOLE SLItems( PROPERTIES(Item, Description) )"
item_description,String,40,,Yes,N,,Auto-filled from SLItems.Description by the ItemChanged script (SelectionEvent on Item). Read Only cleared so the script can write it - the form component itself stays read-only for display.
wc,String,6,,Yes,N,,"STDOLE SLWcs( PROPERTIES(Wc, Description) )"
wc_description,String,40,,Yes,N,,Auto-filled from SLWcs.Description by the WcChanged script (SelectionEvent on Wc). Read Only cleared so the script can write it - the form component itself stays read-only for display.
dept,String,6,,Yes,N,,"STDOLE SLDepts( PROPERTIES(Dept, Description) )"
dept_description,String,40,,Yes,N,,Auto-filled from SLDepts.Description by the DeptChanged script (SelectionEvent on Dept). Read Only cleared so the script can write it - the form component itself stays read-only for display.
initial_change,String,40,,Yes,N,,"Confirmed 8-value list: Documentation, Machine, Material, Other, Process, Specification, Tooling, Variance(waiver) - needs its own Property Class + Inline List set up directly in Application Studio, not via this import. Drives the Requirements cascade via the InitialChangeChanged script (SelectionEvent)."
additional_changes,String,1000,,Yes,N,,[ORPHANED - not bound to any form control: not placed on the current form layout] Long/growing note - matches RsCrcvrChangeAll's real Length/type.
requested_action,String,1000,,Yes,N,,
general_note,String,1000,,Yes,N,,
revision,String,8,,Yes,N,,Drawing Revision.
latest_revision,String,8,,Yes,N,,
next_assy_item,String,30,,Yes,N,,"STDOLE SLJobmatls( PROPERTIES(JobItem) DISPLAY(1) READMODE(UNCOMMITTED) DISTINCT() FILTER(Item='P(Item)') RECORDCAP(0)) - Next Level Assembly item. Case matters for the 'P(x)' cross-field reference - it's the property name Item, not the column item."
next_assy_description,String,40,,Yes,N,,"Plain manual-entry field next to Next Lvl Assy, per direct request."
vendor,String,15,,Yes,N,,"STDOLE SLVendors( PROPERTIES(VendNum, Name) )"
vendor_name,String,255,,Yes,N,,"Plain manual-entry field next to Vendor, per direct request."
qty,Decimal,,4,Yes,N,,
job_num,String,15,,Yes,N,,"STDOLE SLMatltrans( PROPERTIES(RefNum) DISPLAY(1) READMODE(UNCOMMITTED) DISTINCT() RECORDCAP(0)) - deliberately no FILTER. Confirmed real syntax straight from the legacy QC_CMRs form's own Job Num combo, which had FILTER(RefNum=FP(rs_cmrUf_ENF_CMR_JobNum)) - same self-referencing exact-match bug already fixed for po_num (FP() has no padding, real Job Numbers are zero-padded like DK00084716), same fix: drop the FILTER. See docs/troubleshooting.md. Coldtype uses char, matching po_num/vendor's pattern."
serial_num,String,50,,Yes,N,,"New field per direct request - currently these get copied into the Notes area on the legacy 3-form process, but they're common enough to need their own field on eCMRs. Created live as char, not nvarchar."
lot_num,String,50,,Yes,N,,"New field per direct request - same as SerialNum, currently just copied into Notes on the legacy process. Created live as char, not nvarchar."
top_level_pn,String,30,,Yes,N,,"New field per direct request - the BRD's 'Top Level PN', not on the legacy form at all. Plain editable field, same treatment as SerialNum/LotNum - no confirmed combo/lookup source for this concept, just a typed part number."
sub_assembly,String,30,,Yes,N,,"New field per direct request - the BRD's 'Sub Assembly'. Deliberately distinct from NextAssyItem (Next Level Assembly, already on the form) rather than reusing it - see docs/task-list.md's still-open note on whether the two are the same concept. Plain editable field, same treatment as SerialNum/LotNum."
po_num,String,15,,Yes,N,,"STDOLE SLPoItems( PROPERTIES(PoNum,Item,PoLine) DISPLAY(1,2,3) READMODE(UNCOMMITTED) DISTINCT() RECORDCAP(0)) - deliberately no FILTER; a self-referencing FILTER(PoNum=FP(po_num)) was tried and dropped because FP() is a plain exact-match against real zero-padded/prefixed PO Numbers (RD00000021, INT0120033) that nobody types literally - see docs/troubleshooting.md."
po_line,String,10,,Yes,N,,"STDOLE SLPoItems( PROPERTIES(PoLine,Item,PoNum) DISPLAY(1,2,3) READMODE(UNCOMMITTED) DISTINCT() FILTER(PoNum='P(po_num)') RECORDCAP(0))"
rfq_num,String,15,,Yes,N,,
eo_num,String,15,,Yes,N,,
mdl,String,40,,Yes,N,,
poc,String,60,,Yes,N,,"Point of contact, free text."
reported_by,String,60,,Yes,N,,"New field per direct request - who requested/reported the change on the legacy Create Change Request form (distinct from CreatedBy, the system field for who created this CMR record). Plain free-text field, same treatment as SerialNum/LotNum."
req_costing,Bit,,,Yes,N,,Set by the InitialChangeChanged script when Initial Change is picked; still manually editable afterwards.
cost_review_complete,Bit,,,Yes,N,,[ORPHANED - not bound to any form control: no cascade UI was ever built for it - no control on the form sets this flag]
req_documentation,Bit,,,Yes,N,,Set by the InitialChangeChanged script when Initial Change is picked; still manually editable afterwards.
documentation_review_complete,Bit,,,Yes,N,,[ORPHANED - not bound to any form control: no cascade UI was ever built for it - no control on the form sets this flag]
req_tool_machine,Bit,,,Yes,N,,Set by the InitialChangeChanged script when Initial Change is picked; still manually editable afterwards.
machinery_review_complete,Bit,,,Yes,N,,[ORPHANED - not bound to any form control: no cascade UI was ever built for it - no control on the form sets this flag]
req_process,Bit,,,Yes,N,,Set by the InitialChangeChanged script when Initial Change is picked; still manually editable afterwards.
process_review_complete,Bit,,,Yes,N,,[ORPHANED - not bound to any form control: no cascade UI was ever built for it - no control on the form sets this flag]
req_material,Bit,,,Yes,N,,Set by the InitialChangeChanged script when Initial Change is picked; still manually editable afterwards.
material_review_complete,Bit,,,Yes,N,,[ORPHANED - not bound to any form control: no cascade UI was ever built for it - no control on the form sets this flag]
general_review_complete,Bit,,,Yes,N,,"[ORPHANED - not bound to any form control: read-only checkbox nothing ever set - dropped from the form along with the 5 cascade ReviewComplete flags it doesn't apply without their gating business rule] Nothing sets it, never has - was Hidden=True even on the real original form. See docs/troubleshooting.md."
sox_impacted,Bit,,,Yes,N,,"Standalone, not part of the 5-category cascade."
hold_on_po,Bit,,,Yes,N,,
auth_supplier_ship,Bit,,,Yes,N,,
qc_disposition,String,20,,Yes,N,,"Confirmed real list (from the live dropdown): Accept, Hold, NFF, NRS, Other, Reject, Rework, Scrap. Needs its own Property Class + Inline List set up directly in Application Studio."
eng_disposition,String,20,,Yes,N,,"Confirmed real list (from the live dropdown): NFF, NRS, Other, Rework, Scrap - a subset of QcDisposition's list, missing Accept/Hold/Reject. Needs its own Property Class + Inline List set up directly in Application Studio."
reason_code,String,40,,Yes,N,,"Combo's form component references the real, existing QCReasonCode system Property Class directly (same class the live QC_MRRs form's own Reason combo uses) - per direct request: ""we can use this list that exists right now"", may get its own separate CMR-specific list later. Property Class stays blank here at the IDO-property level (component-level override instead, see generate_form.py) - no Inline List needed on this property. See docs/troubleshooting.md."
cause_code,String,40,,Yes,N,,"Same as ReasonCode, referencing the real QCCauseCode system Property Class (matches QC_MRRs' own Cause combo) instead of an Inline List of our own. See docs/troubleshooting.md."
assigned_empnum,String,7,,Yes,N,,"Restored to the form as a plain writable ID field next to Assigned (Username) - the combo binds to AssignedUsername, not this. No confirmed live mechanism keeps this in sync with the selected employee automatically; verify after import whether it needs to be typed manually. See docs/troubleshooting.md."
assigned_username,String,128,,Yes,N,,"Directly writable - the Assigned combo binds here now (commit e2fc29d), not to AssignedEmpNum. Was originally designed as an auto-populated read-only companion field; that's no longer this property's role, so Read Only must not be set - it still was here, likely causing a write-rejection lock when selecting Assigned live."
assigned_buyer,String,7,,Yes,N,,"STDOLE SLEmployees( PROPERTIES(EmpNum,Name,Username) DISPLAY(1,2,3) RECORDCAP(0))"
qc_reviewer_empnum,String,7,,Yes,N,,"Restored to the form as a plain writable ID field next to the Reviewer combo - the combo binds to QcReviewerUsername, not this. No confirmed live mechanism keeps this in sync automatically; verify after import. See docs/troubleshooting.md."
qc_reviewer_username,String,128,,Yes,N,,"Directly writable - the Reviewer combo binds here now, same pattern as AssignedUsername. No longer a read-only auto-populated companion field."
eng_reviewer_empnum,String,7,,Yes,N,,"Restored to the form as a plain writable ID field next to the Reviewer combo - the combo binds to EngReviewerUsername, not this. No confirmed live mechanism keeps this in sync automatically; verify after import. See docs/troubleshooting.md."
eng_reviewer_username,String,128,,Yes,N,,"Directly writable - the Reviewer combo binds here now, same pattern as AssignedUsername. No longer a read-only auto-populated companion field."
planning_reviewer_empnum,String,7,,Yes,N,,"Restored to the form as a plain writable ID field next to the Reviewer combo - the combo binds to PlanningReviewerName, not this. No confirmed live mechanism keeps this in sync automatically; verify after import. See docs/troubleshooting.md."
planning_reviewer_name,String,255,,Yes,N,,"Repurposed to hold the reviewer's Username, not their full Name, despite the property's own name - the Reviewer combo binds here directly (same pattern as AssignedUsername), no longer a read-only auto-populated companion field. Kept the existing property rather than creating/renaming one in Application Studio."
planning_complete,Bit,,,Yes,N,,
purchasing_reviewer_empnum,String,7,,Yes,N,,"Restored to the form as a plain writable ID field next to the Reviewer combo - the combo binds to PurchasingReviewerName, not this. No confirmed live mechanism keeps this in sync automatically; verify after import. See docs/troubleshooting.md."
purchasing_reviewer_name,String,255,,Yes,N,,"Repurposed to hold the reviewer's Username, same as PlanningReviewerName above - see that entry's note."
purchasing_complete,Bit,,,Yes,N,,
cm_reviewer_empnum,String,7,,Yes,N,,"Restored to the form as a plain writable ID field next to the Reviewer combo - the combo binds to CmReviewerName, not this. No confirmed live mechanism keeps this in sync automatically; verify after import. See docs/troubleshooting.md."
cm_reviewer_name,String,255,,Yes,N,,"Repurposed to hold the reviewer's Username, same as PlanningReviewerName above - see that entry's note."
cm_complete,Bit,,,Yes,N,,
due_date,Date,,,Yes,N,,
internal_review_date,Date,,,Yes,N,,
close_date,Date,,,Yes,N,,"Read-only; auto-set by the Closed checkbox's SetCloseInfo EventHandler in the Implementation section (checked -> today's date, unchecked -> cleared). Not user-typed."
closed_by,String,128,,Yes,N,,"Read-only; auto-set by the Closed checkbox's SetCloseInfo EventHandler in the Implementation section (checked -> current username, unchecked -> cleared). Not user-typed."
general_close_date,Date,,,Yes,N,,[ORPHANED - not bound to any form control: not placed on the current form layout; purpose still unclear vs. CloseDate] Purpose unclear vs. CloseDate - confirm before relying on it.
general_closed_by,String,7,,Yes,N,,[ORPHANED - not bound to any form control: not placed on the current form layout; same caveat as GeneralCloseDate] Same caveat as GeneralCloseDate.
qc_rca_notes,String,1000,,Yes,N,,"Root cause analysis notes, QC."
eng_rca_notes,String,1000,,Yes,N,,"Root cause analysis notes, Engineering."
closed,Bit,,,Yes,N,,"Plain checkbox in the Implementation section, manually checked by the user - not gated by the ReqX/XReviewComplete flags (no such gating is implemented). Checking it fires SetCloseInfo, which auto-sets CloseDate/ClosedBy; unchecking it clears both. Drives the form's ORDERBY (open CMRs sort first)."
